INSERT INTO member (name, email, password, type, profile_image_url) VALUES ('정후팍', '1234@gmail.com', '1234', 'H', '');
INSERT INTO member (name, email, password, type, profile_image_url) VALUES ('우진팍', '5678@gmail.com', '1234', 'H', '');
INSERT INTO member (name, email, password, type, profile_image_url) VALUES ('정후팍', '1234@gmail.com', '1234', 'G', '');
INSERT INTO member (name, email, password, type, profile_image_url) VALUES ('우진팍', '1234@gmail.com', '1234', 'H', '');
INSERT INTO member (name, email, password, type, profile_image_url) VALUES ('정후팍', '1234@gmail.com', '1234', 'G', '');
INSERT INTO member (name, email, password, type, profile_image_url) VALUES ('우진팍', '1234@gmail.com', '1234', 'H', '');
INSERT INTO member (name, email, password, type, profile_image_url) VALUES ('정후팍', '1234@gmail.com', '1234', 'H', '');
INSERT INTO member (name, email, password, type, profile_image_url) VALUES ('우진팍', '1234@gmail.com', '1234', 'G', '');
INSERT INTO member (name, email, password, type, profile_image_url) VALUES ('정후팍', '1234@gmail.com', '1234', 'G', '');
INSERT INTO member (name, email, password, type, profile_image_url) VALUES ('우진팍', '1234@gmail.com', '1234', 'G', '');

INSERT INTO room (id, host_id, title, description, country, city, state, street, detail_address, room_type, max_capacity, bedroom_count, bed_count, bathroom_count, latitude, longitude, charge, review_count,average_rate) VALUES (1, 1, '호스텔 서울 R - 욕실이 있는 싱글룸', 'description example', ' 한국', ' 서울', '종로구', '', 'detail_address example', '개인실', 0, 0, 1, 1.0, 37.57691, 127.02279, 44896, 106, 4.04);
INSERT INTO room (id, host_id, title, description, country, city, state, street, detail_address, room_type, max_capacity, bedroom_count, bed_count, bathroom_count, latitude, longitude, charge, review_count,average_rate) VALUES (2, 2, 'Double room with a bathroom (hostel seoul R)', 'description example', ' 한국', ' 서울', '종로구', '', 'detail_address example', '개인실', 0, 0, 1, 1.0, 37.57678, 127.0232, 89367, 149, 2.63);
INSERT INTO room (id, host_id, title, description, country, city, state, street, detail_address, room_type, max_capacity, bedroom_count, bed_count, bathroom_count, latitude, longitude, charge, review_count,average_rate) VALUES (4, 10, '익선동의 감성 숙소❤️넷플릭스 무료시청 가능^^!', 'description example', ' 한국', ' 서울', ' Jongno-gu', 'Waryong-dong', 'detail_address example', '개인실', 0, 0, 1, 1.0, 37.57536, 126.99019, 75170, 116, 4.37);
INSERT INTO room (id, host_id, title, description, country, city, state, street, detail_address, room_type, max_capacity, bedroom_count, bed_count, bathroom_count, latitude, longitude, charge, review_count,average_rate) VALUES (31605255, 2, '우진이네 집', 'description example', ' 한국', ' 서울', '종로구', '', 'detail_address example', '집 전체', 0, 0, 1, 1.0, 37.57594, 127.01976, 68055, 51, 0.46);
INSERT INTO room (id, host_id, title, description, country, city, state, street, detail_address, room_type, max_capacity, bedroom_count, bed_count, bathroom_count, latitude, longitude, charge, review_count,average_rate) VALUES (28312726, 8, '[ Myeongdong] #6Jongno JeJehouse(luggage storage)', 'description example', ' 한국', ' 서울', ' Jongno-gu', 'Gwancheol-dong', 'detail_address example', '집 전체', 0, 0, 1, 1.0, 37.5685, 126.98328, 51939, 153, 2.31);
INSERT INTO room (id, host_id, title, description, country, city, state, street, detail_address, room_type, max_capacity, bedroom_count, bed_count, bathroom_count, latitude, longitude, charge, review_count,average_rate) VALUES (43583165, 7, '정말로 알뜰한 1인실(tiny but tidy for 1 person)', 'description example', ' 한국', ' 서울', ' 중구', '명동', 'detail_address example', '개인실', 0, 0, 1, 1.0, 37.56151, 126.98441, 86117, 45, 3.51);
INSERT INTO room (id, host_id, title, description, country, city, state, street, detail_address, room_type, max_capacity, bedroom_count, bed_count, bathroom_count, latitude, longitude, charge, review_count,average_rate) VALUES (48110410, 5, '#5 홍대입구역 도보 5분 조용하고 깔끔한 집', 'description example', ' 한국', ' 서울', '서대문구', '', 'detail_address example', '집 전체', 0, 0, 1, 1.0, 37.55948, 126.92943, 41570, 134, 4.0);
INSERT INTO room (id, host_id, title, description, country, city, state, street, detail_address, room_type, max_capacity, bedroom_count, bed_count, bathroom_count, latitude, longitude, charge, review_count,average_rate) VALUES (51474437, 6, '정후네 집', 'description example', ' 한국', ' 서울', 'sigol', '', 'detail_address example', '개인실', 0, 0, 0, 1.0, 37.55187, 127.02075, 32782, 171, 2.15);
INSERT INTO room (id, host_id, title, description, country, city, state, street, detail_address, room_type, max_capacity, bedroom_count, bed_count, bathroom_count, latitude, longitude, charge, review_count,average_rate) VALUES (43015738, 4, '편안하고 안락한 서교동, 마포구 숙소', 'description example', ' 한국', ' 서울', ' 마포구', '서교동', 'detail_address example', '집 전체', 0, 0, 1, 1.0, 37.55356, 126.91928, 28280, 84, 1.84);
INSERT INTO room (id, host_id, title, description, country, city, state, street, detail_address, room_type, max_capacity, bedroom_count, bed_count, bathroom_count, latitude, longitude, charge, review_count,average_rate) VALUES (24741009, 9, '빙고호스텔 인사동점- 103', 'description example', ' 한국', ' 서울', '종로구', '', 'detail_address example', '호텔 객실', 0, 0, 1, 1.0, 37.56966, 126.98355, 21866, 19, 1.21);
INSERT INTO room (id, host_id, title, description, country, city, state, street, detail_address, room_type, max_capacity, bedroom_count, bed_count, bathroom_count, latitude, longitude, charge, review_count,average_rate) VALUES (31938474, 7, 'dmyk-oblong', 'description example', ' 한국', ' 서울', '종로구', '', 'detail_address example', '집 전체', 0, 0, 1, 1.0, 37.57649, 127.01988, 16285, 47, 2.72);
INSERT INTO room (id, host_id, title, description, country, city, state, street, detail_address, room_type, max_capacity, bedroom_count, bed_count, bathroom_count, latitude, longitude, charge, review_count,average_rate) VALUES (594504782648754887, 3, 'WECOSTAY Myeongdong B', 'description example', ' 한국', ' 서울', '중구', '', 'detail_address example', '집 전체', 0, 0, 1, 1.0, 37.56332103005168, 126.99843022659212, 72527, 174, 1.44);
INSERT INTO room (id, host_id, title, description, country, city, state, street, detail_address, room_type, max_capacity, bedroom_count, bed_count, bathroom_count, latitude, longitude, charge, review_count,average_rate) VALUES (43531114, 10, '더블침대를 나만의 공간으로 (게스트하우스,호스텔)', 'description example', ' 한국', ' 서울', ' 중구', '명동', 'detail_address example', '개인실', 0, 0, 1, 1.0, 37.56247, 126.98609, 20630, 37, 0.05);
INSERT INTO room (id, host_id, title, description, country, city, state, street, detail_address, room_type, max_capacity, bedroom_count, bed_count, bathroom_count, latitude, longitude, charge, review_count,average_rate) VALUES (51675658, 3, 'Hostel Seoul C - Single Room with a bathroom', 'description example', ' 한국', ' 서울', 'Seongdong-gu', '', 'detail_address example', '개인실', 0, 0, 0, 1.0, 37.55436, 127.02173, 33362, 93, 0.34);
INSERT INTO room (id, host_id, title, description, country, city, state, street, detail_address, room_type, max_capacity, bedroom_count, bed_count, bathroom_count, latitude, longitude, charge, review_count,average_rate) VALUES (32770351, 8, 'dmyk_"Droptop"', 'description example', ' 한국', ' 서울', '종로구', '', 'detail_address example', '집 전체', 0, 0, 1, 1.0, 37.57427, 127.02032, 36778, 144, 4.18);
INSERT INTO room (id, host_id, title, description, country, city, state, street, detail_address, room_type, max_capacity, bedroom_count, bed_count, bathroom_count, latitude, longitude, charge, review_count,average_rate) VALUES (37438446, 6, 'Ahyeon stn2]Ewha,Hongdae,Womanonly,여성전용, 장기숙박', 'description example', ' 한국', ' 서울', ' Seodaemun-gu', 'Chunghyeon-dong', 'detail_address example', '개인실', 0, 0, 1, 1.0, 37.55936, 126.9511, 65181, 96, 3.21);
INSERT INTO room (id, host_id, title, description, country, city, state, street, detail_address, room_type, max_capacity, bedroom_count, bed_count, bathroom_count, latitude, longitude, charge, review_count,average_rate) VALUES (43511724, 4, '딱 좋은 나홀로 객실 ( 게스트하우스,호스텔)', 'description example', ' 한국', ' 서울', ' 중구', '명동', 'detail_address example', '개인실', 0, 0, 1, 1.0, 37.56172, 126.98539, 87600, 150, 0.51);
INSERT INTO room (id, host_id, title, description, country, city, state, street, detail_address, room_type, max_capacity, bedroom_count, bed_count, bathroom_count, latitude, longitude, charge, review_count,average_rate) VALUES (53749641, 8, '대학로 인근의 깔끔한 단독주택', 'description example', ' 한국', ' 서울', '종로구', '', 'detail_address example', '집 전체', 0, 0, 1, 1.0, 37.59036, 126.99202, 80378, 82, 3.56);
INSERT INTO room (id, host_id, title, description, country, city, state, street, detail_address, room_type, max_capacity, bedroom_count, bed_count, bathroom_count, latitude, longitude, charge, review_count,average_rate) VALUES (587279628837714621, 8, '[종로구/신설동] 접근성 최고 아담한 코지 하우스', 'description example', ' 한국', ' 서울', '종로구', '', 'detail_address example', '집 전체', 0, 0, 1, 1.0, 37.57284, 127.02245, 77579, 55, 4.01);
INSERT INTO room (id, host_id, title, description, country, city, state, street, detail_address, room_type, max_capacity, bedroom_count, bed_count, bathroom_count, latitude, longitude, charge, review_count,average_rate) VALUES (41806406, 8, '라임하우스', 'description example', ' 한국', ' 서울특별시', '종로구', '', 'detail_address example', '집 전체', 0, 0, 2, 1.0, 37.57552, 126.98796, 16858, 107, 4.2);
INSERT INTO room (id, host_id, title, description, country, city, state, street, detail_address, room_type, max_capacity, bedroom_count, bed_count, bathroom_count, latitude, longitude, charge, review_count,average_rate) VALUES (43565146, 6, 'Covid19 금고-세이프-세탁 및 소독된 아늑한 스튜디오', 'description example', ' 한국', ' 서울', ' Dongdaemun-gu', 'Jeonnong 1(il)-dong', 'detail_address example', '집 전체', 0, 0, 1, 1.0, 37.58327, 127.05176, 59903, 46, 1.0);
INSERT INTO room (id, host_id, title, description, country, city, state, street, detail_address, room_type, max_capacity, bedroom_count, bed_count, bathroom_count, latitude, longitude, charge, review_count,average_rate) VALUES (632125551571549007, 6, 'WECOSTAY Myeongdong B_3', 'description example', ' 한국', ' 서울', '중구', '', 'detail_address example', '집 전체', 0, 0, 1, 1.0, 37.561761007748146, 126.99652809250158, 33495, 176, 0.1);
INSERT INTO room (id, host_id, title, description, country, city, state, street, detail_address, room_type, max_capacity, bedroom_count, bed_count, bathroom_count, latitude, longitude, charge, review_count,average_rate) VALUES (49978635, 6, '#아늑한집#가성비최고#베란다#선릉역5분#넓은침대#자가격리가능#', 'description example', ' 한국', ' 서울', ' Gangnam-gu', 'Yeoksam 1(il)-dong', 'detail_address example', '집 전체', 0, 0, 1, 1.0, 37.50535, 127.04549, 50953, 107, 2.28);
INSERT INTO room (id, host_id, title, description, country, city, state, street, detail_address, room_type, max_capacity, bedroom_count, bed_count, bathroom_count, latitude, longitude, charge, review_count,average_rate) VALUES (43583693, 8, '2인실을 나만의 공간으로. The double bed only for 1 person.', 'description example', ' 한국', ' 서울', ' 중구', '명동', 'detail_address example', '개인실', 0, 0, 1, 1.0, 37.56267, 126.9849, 60188, 140, 4.76);
INSERT INTO room (id, host_id, title, description, country, city, state, street, detail_address, room_type, max_capacity, bedroom_count, bed_count, bathroom_count, latitude, longitude, charge, review_count,average_rate) VALUES (24838219, 3, '빙고호스텔 인사동점- 301', 'description example', ' 한국', ' 서울', '종로구', '', 'detail_address example', '호텔 객실', 0, 0, 1, 1.0, 37.56993, 126.98407, 61613, 49, 2.02);
INSERT INTO room (id, host_id, title, description, country, city, state, street, detail_address, room_type, max_capacity, bedroom_count, bed_count, bathroom_count, latitude, longitude, charge, review_count,average_rate) VALUES (37069314, 9, '바나나 하우스', 'description example', ' 한국', ' 서울', ' Jongno-gu', 'Jongno 1(il).2(i).3(sam).4(sa)', 'detail_address example', '집 전체', 0, 0, 2, 1.0, 37.57542, 126.98852, 87986, 10, 1.0);
INSERT INTO room (id, host_id, title, description, country, city, state, street, detail_address, room_type, max_capacity, bedroom_count, bed_count, bathroom_count, latitude, longitude, charge, review_count,average_rate) VALUES (52884676, 1, '*명동역 도보5분* 123 Guesthouse Single room', 'description example', ' 한국', ' 서울', '중구', '', 'detail_address example', '개인실', 0, 0, 0, 1.5, 37.55855, 126.98388, 83376, 21, 4.89);
INSERT INTO room (id, host_id, title, description, country, city, state, street, detail_address, room_type, max_capacity, bedroom_count, bed_count, bathroom_count, latitude, longitude, charge, review_count,average_rate) VALUES (51826478, 5, '513 Stay With Hongdae 싱글룸', 'description example', ' 한국', ' 서울', ' 마포구', '서교동', 'detail_address example', '개인실', 0, 0, 0, 1.0, 37.54969, 126.92014, 45211, 32, 0.5);
INSERT INTO room (id, host_id, title, description, country, city, state, street, detail_address, room_type, max_capacity, bedroom_count, bed_count, bathroom_count, latitude, longitude, charge, review_count,average_rate) VALUES (31585248, 3, '# 2 강남역 바로 옆에 위치한 깨끗하고 아늑한 객실', 'description example', ' 한국', ' 서울', '강남구', '', 'detail_address example', '집 전체', 0, 0, 1, 1.0, 37.49822, 127.0298, 14779, 187, 4.8);
INSERT INTO room (id, host_id, title, description, country, city, state, street, detail_address, room_type, max_capacity, bedroom_count, bed_count, bathroom_count, latitude, longitude, charge, review_count,average_rate) VALUES (32429018, 8, 'dmyk_"Nook"', 'description example', ' 한국', ' 서울', '종로구', '', 'detail_address example', '집 전체', 0, 0, 1, 1.0, 37.57417, 127.01973, 23602, 128, 2.99);
INSERT INTO room (id, host_id, title, description, country, city, state, street, detail_address, room_type, max_capacity, bedroom_count, bed_count, bathroom_count, latitude, longitude, charge, review_count,average_rate) VALUES (51609120, 3, '이번에 전체 리모델링 하였습니다 천장만 빼고 전체 타일마감하여 심플한 느낌으로 인테리어 했으며 모든 집기류 또한 세재품으로 완비하였습니다', 'description example', ' 한국', ' 서울', ' Gwanak-gu', 'Euncheon-dong', 'detail_address example', '집 전체', 0, 0, 1, 1.0, 37.48336, 126.9428, 64805, 76, 4.93);
INSERT INTO room (id, host_id, title, description, country, city, state, street, detail_address, room_type, max_capacity, bedroom_count, bed_count, bathroom_count, latitude, longitude, charge, review_count,average_rate) VALUES (24841270, 1, '빙고호스텔 인사동점- 305', 'description example', ' 한국', ' 서울', '종로구', '', 'detail_address example', '호텔 객실', 0, 0, 1, 1.0, 37.57116, 126.98549, 95817, 162, 3.17);
INSERT INTO room (id, host_id, title, description, country, city, state, street, detail_address, room_type, max_capacity, bedroom_count, bed_count, bathroom_count, latitude, longitude, charge, review_count,average_rate) VALUES (48235229, 4, '#2 홍대입구역 도보 5분 조용하고 깔끔한 집', 'description example', ' 한국', ' 서울', '서대문구', '', 'detail_address example', '집 전체', 0, 0, 1, 1.0, 37.55793, 126.93026, 64114, 160, 1.21);
INSERT INTO room (id, host_id, title, description, country, city, state, street, detail_address, room_type, max_capacity, bedroom_count, bed_count, bathroom_count, latitude, longitude, charge, review_count,average_rate) VALUES (28237129, 4, '종로3가역 종각역 국일관 YBM어학원근처 가성비 갑 숙소 -  1', 'description example', ' 한국', ' 서울', '종로구', '', 'detail_address example', '개인실', 0, 0, 1, 1.0, 37.5685, 126.99014, 20406, 174, 1.71);
INSERT INTO room (id, host_id, title, description, country, city, state, street, detail_address, room_type, max_capacity, bedroom_count, bed_count, bathroom_count, latitude, longitude, charge, review_count,average_rate) VALUES (39456387, 3, '신림동 먹자골목뒤 반지하- 원룸(B02)', 'description example', ' 한국', ' 서울특별시', '관악구', '', 'detail_address example', '집 전체', 0, 0, 1, 1.0, 37.48714, 126.92504, 20484, 4, 0.8);
INSERT INTO room (id, host_id, title, description, country, city, state, street, detail_address, room_type, max_capacity, bedroom_count, bed_count, bathroom_count, latitude, longitude, charge, review_count,average_rate) VALUES (31296991, 3, '#퀸사이즈베드 #명동역3분 #더블룸 #유료주차 #신세계,남산공원 5분 #라텍스매트리스', 'description example', ' 한국', ' 서울', ' 중구', '명동', 'detail_address example', '호텔 객실', 0, 0, 1, 1.0, 37.5601, 126.98427, 67742, 53, 2.18);

INSERT INTO room_image (room_id, url, is_main_image, sequence) VALUES (1, 'https://a0.muscache.com/im/pictures/miso/Hosting-1/original/3191eaac-ff69-429e-a2d6-2cc9d6a45573.jpeg?im_w=720', true, 1);
INSERT INTO room_image (room_id, url, is_main_image, sequence) VALUES (1, 'https://a0.muscache.com/im/pictures/miso/Hosting-1/original/0465fe61-8d8a-49ad-b05c-478d620606e4.jpeg?im_w=720', false, 2);
INSERT INTO room_image (room_id, url, is_main_image, sequence) VALUES (1, 'https://a0.muscache.com/im/pictures/miso/Hosting-573050732939966686/original/c8724c02-f888-48ff-92e2-bd943013d253.jpeg?im_w=720', false, 3);
INSERT INTO room_image (room_id, url, is_main_image, sequence) VALUES (1, 'https://a0.muscache.com/im/pictures/miso/Hosting-573050732939966686/original/93789c4f-b9c5-4b1f-b5f5-a5113785a59f.jpeg?im_w=720', false, 4);
INSERT INTO room_image (room_id, url, is_main_image, sequence) VALUES (1, 'https://a0.muscache.com/im/pictures/miso/Hosting-1/original/83e10987-9b1f-4676-8db1-e9be9e193eed.jpeg?im_w=720', false, 5);
INSERT INTO room_image (room_id, url, is_main_image, sequence) VALUES (1, 'https://a0.muscache.com/im/pictures/miso/Hosting-1/original/71ef864e-066a-405f-8c07-1b511ed7f90f.jpeg?im_w=720', false, 6);
INSERT INTO room_image (room_id, url, is_main_image, sequence) VALUES (2, 'https://a0.muscache.com/im/pictures/miso/Hosting-2/original/182471f7-b348-45b7-81fd-76dde4d76133.jpeg?im_w=720', true, 1);
INSERT INTO room_image (room_id, url, is_main_image, sequence) VALUES (2, 'https://a0.muscache.com/im/pictures/miso/Hosting-573050732939966686/original/d1409284-05a2-4520-9cf5-00e4e59f5366.jpeg?im_w=720', false, 2);
INSERT INTO room_image (room_id, url, is_main_image, sequence) VALUES (2, 'https://a0.muscache.com/im/pictures/miso/Hosting-573050732939966686/original/c8724c02-f888-48ff-92e2-bd943013d253.jpeg?im_w=720', false, 3);
INSERT INTO room_image (room_id, url, is_main_image, sequence) VALUES (2, 'https://a0.muscache.com/im/pictures/miso/Hosting-573050732939966686/original/93789c4f-b9c5-4b1f-b5f5-a5113785a59f.jpeg?im_w=720', false, 4);
INSERT INTO room_image (room_id, url, is_main_image, sequence) VALUES (2, 'https://a0.muscache.com/im/pictures/miso/Hosting-2/original/9a95a569-5257-4908-a5db-b89ec59ab845.jpeg?im_w=720', false, 5);
INSERT INTO room_image (room_id, url, is_main_image, sequence) VALUES (2, 'https://a0.muscache.com/im/pictures/miso/Hosting-2/original/6e11777f-2593-4017-82f0-3a1bcf98893e.jpeg?im_w=720', false, 6);
INSERT INTO room_image (room_id, url, is_main_image, sequence) VALUES (4, 'https://a0.muscache.com/im/pictures/b85a86ee-1560-4282-92ca-45b2a9646393.jpg?im_w=720', true, 1);
INSERT INTO room_image (room_id, url, is_main_image, sequence) VALUES (4, 'https://a0.muscache.com/im/pictures/7e256e2c-0760-470f-935c-aea5f649a329.jpg?im_w=720', false, 2);
INSERT INTO room_image (room_id, url, is_main_image, sequence) VALUES (4, 'https://a0.muscache.com/im/pictures/bac742b9-024c-4d32-8cc6-6c0879e6e6dc.jpg?im_w=720', false, 3);
INSERT INTO room_image (room_id, url, is_main_image, sequence) VALUES (4, 'https://a0.muscache.com/im/pictures/e183a1c2-1a3e-4940-96b2-174e7c05ec72.jpg?im_w=720', false, 4);
INSERT INTO room_image (room_id, url, is_main_image, sequence) VALUES (4, 'https://a0.muscache.com/im/pictures/430d8369-9a99-4353-9f95-9cb1d4cfc340.jpg?im_w=720', false, 5);
INSERT INTO room_image (room_id, url, is_main_image, sequence) VALUES (4, 'https://a0.muscache.com/im/pictures/c8b9d649-a509-4da1-a39c-275d389021e9.jpg?im_w=720', false, 6);
INSERT INTO room_image (room_id, url, is_main_image, sequence) VALUES (31605255, 'https://a0.muscache.com/im/pictures/cd48f6bd-42e8-4353-9c6a-36e19c56b667.jpg?im_w=720', true, 1);
INSERT INTO room_image (room_id, url, is_main_image, sequence) VALUES (31605255, 'https://a0.muscache.com/im/pictures/1f477093-41ad-4417-95da-3d97f2f609b3.jpg?im_w=720', false, 2);
INSERT INTO room_image (room_id, url, is_main_image, sequence) VALUES (31605255, 'https://a0.muscache.com/im/pictures/32e2675c-d5eb-4cb3-8979-6e557067fb4c.jpg?im_w=720', false, 3);
INSERT INTO room_image (room_id, url, is_main_image, sequence) VALUES (31605255, 'https://a0.muscache.com/im/pictures/ba8b7a68-e54e-4226-aa18-a6c15d96078a.jpg?im_w=720', false, 4);
INSERT INTO room_image (room_id, url, is_main_image, sequence) VALUES (31605255, 'https://a0.muscache.com/im/pictures/652082aa-9311-44b1-a910-8709e9b5c168.jpg?im_w=720', false, 5);
INSERT INTO room_image (room_id, url, is_main_image, sequence) VALUES (31605255, 'https://a0.muscache.com/im/pictures/5ee50ba9-dda8-41bf-94f9-34745af2e782.jpg?im_w=720', false, 6);
INSERT INTO room_image (room_id, url, is_main_image, sequence) VALUES (28312726, 'https://a0.muscache.com/im/pictures/17180c87-d74a-439b-833f-8f40d5278759.jpg?im_w=720', true, 1);
INSERT INTO room_image (room_id, url, is_main_image, sequence) VALUES (28312726, 'https://a0.muscache.com/im/pictures/ab2c256e-3415-49d3-8f06-1a8b4a106b05.jpg?im_w=720', false, 2);
INSERT INTO room_image (room_id, url, is_main_image, sequence) VALUES (28312726, 'https://a0.muscache.com/im/pictures/764b814d-ba60-47bb-bfd8-5a03ef430890.jpg?im_w=720', false, 3);
INSERT INTO room_image (room_id, url, is_main_image, sequence) VALUES (28312726, 'https://a0.muscache.com/im/pictures/697ecd94-4d4f-4471-9281-f3e3604fbc80.jpg?im_w=720', false, 4);
INSERT INTO room_image (room_id, url, is_main_image, sequence) VALUES (28312726, 'https://a0.muscache.com/im/pictures/824be23e-1a18-4ee0-9483-2a86784e731a.jpg?im_w=720', false, 5);
INSERT INTO room_image (room_id, url, is_main_image, sequence) VALUES (28312726, 'https://a0.muscache.com/im/pictures/84a490a3-94cc-4296-afb3-09a342fee3f6.jpg?im_w=720', false, 6);
INSERT INTO room_image (room_id, url, is_main_image, sequence) VALUES (43583165, 'https://a0.muscache.com/im/pictures/10e3e376-3c47-4ae5-bc7e-3c521fc9da11.jpg?im_w=720', true, 1);
INSERT INTO room_image (room_id, url, is_main_image, sequence) VALUES (43583165, 'https://a0.muscache.com/im/pictures/b17eacbd-cdb3-4c94-b8d0-d3212f104109.jpg?im_w=720', false, 2);
INSERT INTO room_image (room_id, url, is_main_image, sequence) VALUES (43583165, 'https://a0.muscache.com/im/pictures/0f11538e-f5af-49c7-8df5-355f182d291a.jpg?im_w=720', false, 3);
INSERT INTO room_image (room_id, url, is_main_image, sequence) VALUES (43583165, 'https://a0.muscache.com/im/pictures/3bae5ff9-dd29-4a84-86f3-ccdbff97ad7f.jpg?im_w=720', false, 4);
INSERT INTO room_image (room_id, url, is_main_image, sequence) VALUES (43583165, 'https://a0.muscache.com/im/pictures/4a025c99-cd56-4b1e-b9b7-0fd0b8b901c1.jpg?im_w=720', false, 5);
INSERT INTO room_image (room_id, url, is_main_image, sequence) VALUES (43583165, 'https://a0.muscache.com/im/pictures/d914cec8-8b9e-4bcb-88f5-6d25a0e5ebb0.jpg?im_w=720', false, 6);
INSERT INTO room_image (room_id, url, is_main_image, sequence) VALUES (48110410, 'https://a0.muscache.com/im/pictures/miso/Hosting-48110410/original/bc52f69c-f0d5-4ff5-bfbc-d78f8c7fa193.jpeg?im_w=720', true, 1);
INSERT INTO room_image (room_id, url, is_main_image, sequence) VALUES (48110410, 'https://a0.muscache.com/im/pictures/miso/Hosting-48110410/original/396123b1-bc7a-4bd0-9f00-d9dbf42542d0.jpeg?im_w=720', false, 2);
INSERT INTO room_image (room_id, url, is_main_image, sequence) VALUES (48110410, 'https://a0.muscache.com/im/pictures/miso/Hosting-48110410/original/f3cd7bdb-b158-4d91-b7f0-0167d7588421.jpeg?im_w=720', false, 3);
INSERT INTO room_image (room_id, url, is_main_image, sequence) VALUES (48110410, 'https://a0.muscache.com/im/pictures/miso/Hosting-48110410/original/dd5178a9-684d-4af6-8e8f-92bf1444a631.jpeg?im_w=720', false, 4);
INSERT INTO room_image (room_id, url, is_main_image, sequence) VALUES (48110410, 'https://a0.muscache.com/im/pictures/miso/Hosting-48110410/original/78da7e7b-838c-4165-9977-76f00f0778bd.jpeg?im_w=720', false, 5);
INSERT INTO room_image (room_id, url, is_main_image, sequence) VALUES (48110410, 'https://a0.muscache.com/im/pictures/miso/Hosting-48110410/original/216a9177-8e75-4947-82dd-c5b21d650376.jpeg?im_w=720', false, 6);
INSERT INTO room_image (room_id, url, is_main_image, sequence) VALUES (51474437, 'https://a0.muscache.com/im/pictures/30c1d388-b1b4-4983-83ec-57b82b8026d0.jpg?im_w=720', true, 1);
INSERT INTO room_image (room_id, url, is_main_image, sequence) VALUES (51474437, 'https://a0.muscache.com/im/pictures/0df47eee-fb56-4db0-aa81-5445ae69018b.jpg?im_w=720', false, 2);
INSERT INTO room_image (room_id, url, is_main_image, sequence) VALUES (51474437, 'https://a0.muscache.com/im/pictures/c9347430-9e39-4aa9-b31d-6f7d4442e6e9.jpg?im_w=720', false, 3);
INSERT INTO room_image (room_id, url, is_main_image, sequence) VALUES (51474437, 'https://a0.muscache.com/im/pictures/12fabea0-0b11-402d-94ba-4f80994173b7.jpg?im_w=720', false, 4);
INSERT INTO room_image (room_id, url, is_main_image, sequence) VALUES (51474437, 'https://a0.muscache.com/im/pictures/5f2254d8-2f02-4f48-8630-2810618b8769.jpg?im_w=720', false, 5);
INSERT INTO room_image (room_id, url, is_main_image, sequence) VALUES (51474437, 'https://a0.muscache.com/im/pictures/a04f547b-257a-4155-92bd-1ada3d478522.jpg?im_w=720', false, 6);
INSERT INTO room_image (room_id, url, is_main_image, sequence) VALUES (43015738, 'https://a0.muscache.com/im/pictures/2f6ccfaa-b050-4a7f-875d-bc1c47d28967.jpg?im_w=720', true, 1);
INSERT INTO room_image (room_id, url, is_main_image, sequence) VALUES (43015738, 'https://a0.muscache.com/im/pictures/3076532d-d768-4549-ae94-d5a3cc26bfe3.jpg?im_w=720', false, 2);
INSERT INTO room_image (room_id, url, is_main_image, sequence) VALUES (43015738, 'https://a0.muscache.com/im/pictures/2ab4aa53-c38e-41ed-8d83-691f11de23e7.jpg?im_w=720', false, 3);
INSERT INTO room_image (room_id, url, is_main_image, sequence) VALUES (43015738, 'https://a0.muscache.com/im/pictures/8cffef3c-286e-4265-87c3-04e6617c43de.jpg?im_w=720', false, 4);
INSERT INTO room_image (room_id, url, is_main_image, sequence) VALUES (43015738, 'https://a0.muscache.com/im/pictures/504c6ff7-7441-4493-a00d-0aec416af2f7.jpg?im_w=720', false, 5);
INSERT INTO room_image (room_id, url, is_main_image, sequence) VALUES (43015738, 'https://a0.muscache.com/im/pictures/ec799215-6fc1-474a-a545-27ea3bd9aa51.jpg?im_w=720', false, 6);
INSERT INTO room_image (room_id, url, is_main_image, sequence) VALUES (24741009, 'https://a0.muscache.com/im/pictures/a4f837a9-1180-461b-93d3-41c670b1ebe4.jpg?im_w=720', true, 1);
INSERT INTO room_image (room_id, url, is_main_image, sequence) VALUES (24741009, 'https://a0.muscache.com/im/pictures/04c5ec94-f93b-49da-a984-6c83bd65e240.jpg?im_w=720', false, 2);
INSERT INTO room_image (room_id, url, is_main_image, sequence) VALUES (24741009, 'https://a0.muscache.com/im/pictures/85afcc78-7c61-490f-b4cf-02f2c423f5a7.jpg?im_w=720', false, 3);
INSERT INTO room_image (room_id, url, is_main_image, sequence) VALUES (24741009, 'https://a0.muscache.com/im/pictures/190673e3-d5e3-43e7-b81f-3b51b0617f3b.jpg?im_w=720', false, 4);
INSERT INTO room_image (room_id, url, is_main_image, sequence) VALUES (24741009, 'https://a0.muscache.com/im/pictures/2f93cebe-0626-4c73-8aeb-b3bc896f3b8b.jpg?im_w=720', false, 5);
INSERT INTO room_image (room_id, url, is_main_image, sequence) VALUES (24741009, 'https://a0.muscache.com/im/pictures/98a1a680-d068-4952-a21d-09abb15581c7.jpg?im_w=720', false, 6);
INSERT INTO room_image (room_id, url, is_main_image, sequence) VALUES (31938474, 'https://a0.muscache.com/im/pictures/3dfeacd4-bea8-4c2e-820f-bf61f8053323.jpg?im_w=720', true, 1);
INSERT INTO room_image (room_id, url, is_main_image, sequence) VALUES (31938474, 'https://a0.muscache.com/im/pictures/4f01dedf-ccfb-4d08-8ffb-77c3d6c08043.jpg?im_w=720', false, 2);
INSERT INTO room_image (room_id, url, is_main_image, sequence) VALUES (31938474, 'https://a0.muscache.com/im/pictures/894fb768-578d-4c74-b55c-a8f2b391eeea.jpg?im_w=720', false, 3);
INSERT INTO room_image (room_id, url, is_main_image, sequence) VALUES (31938474, 'https://a0.muscache.com/im/pictures/54aa4fd6-648e-4389-8caf-fd8807fb3c12.jpg?im_w=720', false, 4);
INSERT INTO room_image (room_id, url, is_main_image, sequence) VALUES (31938474, 'https://a0.muscache.com/im/pictures/b225e782-ca50-4176-bde9-5f83386c26ef.jpg?im_w=720', false, 5);
INSERT INTO room_image (room_id, url, is_main_image, sequence) VALUES (31938474, 'https://a0.muscache.com/im/pictures/8fca6e8a-036f-4eb2-9ed3-433aaa9c05ec.jpg?im_w=720', false, 6);
INSERT INTO room_image (room_id, url, is_main_image, sequence) VALUES (594504782648754887, 'https://a0.muscache.com/im/pictures/miso/Hosting-594504782648754887/original/c678cc7b-3a74-451d-980d-230bc9d20434.jpeg?im_w=720', true, 1);
INSERT INTO room_image (room_id, url, is_main_image, sequence) VALUES (594504782648754887, 'https://a0.muscache.com/im/pictures/miso/Hosting-594504782648754887/original/7c946e02-255e-47c6-b81b-aa8e45af1c9d.jpeg?im_w=720', false, 2);
INSERT INTO room_image (room_id, url, is_main_image, sequence) VALUES (594504782648754887, 'https://a0.muscache.com/im/pictures/miso/Hosting-594504782648754887/original/92838170-d7dd-46c8-8fd2-1aac9cebce25.jpeg?im_w=720', false, 3);
INSERT INTO room_image (room_id, url, is_main_image, sequence) VALUES (594504782648754887, 'https://a0.muscache.com/im/pictures/miso/Hosting-594504782648754887/original/b613fb37-3901-47df-b4bf-eb0036b7df40.jpeg?im_w=720', false, 4);
INSERT INTO room_image (room_id, url, is_main_image, sequence) VALUES (594504782648754887, 'https://a0.muscache.com/im/pictures/miso/Hosting-594504782648754887/original/edae51de-ef9d-4d0f-a74c-0ae5c6faa086.jpeg?im_w=720', false, 5);
INSERT INTO room_image (room_id, url, is_main_image, sequence) VALUES (594504782648754887, 'https://a0.muscache.com/im/pictures/miso/Hosting-594504782648754887/original/337727b4-29b0-445e-8a6a-488df701a71c.jpeg?im_w=720', false, 6);
INSERT INTO room_image (room_id, url, is_main_image, sequence) VALUES (43531114, 'https://a0.muscache.com/im/pictures/b47d7dbc-b9a2-4869-8512-35c40c214ee1.jpg?im_w=720', true, 1);
INSERT INTO room_image (room_id, url, is_main_image, sequence) VALUES (43531114, 'https://a0.muscache.com/im/pictures/d7f5250c-f918-47a6-9659-2d0c5679f944.jpg?im_w=720', false, 2);
INSERT INTO room_image (room_id, url, is_main_image, sequence) VALUES (43531114, 'https://a0.muscache.com/im/pictures/4a025c99-cd56-4b1e-b9b7-0fd0b8b901c1.jpg?im_w=720', false, 3);
INSERT INTO room_image (room_id, url, is_main_image, sequence) VALUES (43531114, 'https://a0.muscache.com/im/pictures/9b189a6c-22d6-45b7-a929-27d3f26dc8c6.jpg?im_w=720', false, 4);
INSERT INTO room_image (room_id, url, is_main_image, sequence) VALUES (43531114, 'https://a0.muscache.com/im/pictures/a8ebd8a7-1a11-47cd-aa37-74ed32b0d509.jpg?im_w=720', false, 5);
INSERT INTO room_image (room_id, url, is_main_image, sequence) VALUES (43531114, 'https://a0.muscache.com/im/pictures/92482848-7582-4750-ae50-45019c5af1a2.jpg?im_w=720', false, 6);
INSERT INTO room_image (room_id, url, is_main_image, sequence) VALUES (51675658, 'https://a0.muscache.com/im/pictures/30c1d388-b1b4-4983-83ec-57b82b8026d0.jpg?im_w=720', true, 1);
INSERT INTO room_image (room_id, url, is_main_image, sequence) VALUES (51675658, 'https://a0.muscache.com/im/pictures/0df47eee-fb56-4db0-aa81-5445ae69018b.jpg?im_w=720', false, 2);
INSERT INTO room_image (room_id, url, is_main_image, sequence) VALUES (51675658, 'https://a0.muscache.com/im/pictures/c9347430-9e39-4aa9-b31d-6f7d4442e6e9.jpg?im_w=720', false, 3);
INSERT INTO room_image (room_id, url, is_main_image, sequence) VALUES (51675658, 'https://a0.muscache.com/im/pictures/12fabea0-0b11-402d-94ba-4f80994173b7.jpg?im_w=720', false, 4);
INSERT INTO room_image (room_id, url, is_main_image, sequence) VALUES (51675658, 'https://a0.muscache.com/im/pictures/5f2254d8-2f02-4f48-8630-2810618b8769.jpg?im_w=720', false, 5);
INSERT INTO room_image (room_id, url, is_main_image, sequence) VALUES (51675658, 'https://a0.muscache.com/im/pictures/a04f547b-257a-4155-92bd-1ada3d478522.jpg?im_w=720', false, 6);
INSERT INTO room_image (room_id, url, is_main_image, sequence) VALUES (32770351, 'https://a0.muscache.com/im/pictures/ccac8b08-61e4-4b55-9c32-c3addea2f744.jpg?im_w=720', true, 1);
INSERT INTO room_image (room_id, url, is_main_image, sequence) VALUES (32770351, 'https://a0.muscache.com/im/pictures/a45d93af-79a3-4f8b-8661-a250114cb1ca.jpg?im_w=720', false, 2);
INSERT INTO room_image (room_id, url, is_main_image, sequence) VALUES (32770351, 'https://a0.muscache.com/im/pictures/1e38f050-7748-4ced-a1d8-8a2fffa47150.jpg?im_w=720', false, 3);
INSERT INTO room_image (room_id, url, is_main_image, sequence) VALUES (32770351, 'https://a0.muscache.com/im/pictures/7224d20e-47b8-41fc-a846-269f39a7dafa.jpg?im_w=720', false, 4);
INSERT INTO room_image (room_id, url, is_main_image, sequence) VALUES (32770351, 'https://a0.muscache.com/im/pictures/de76d307-84b3-4112-b6e7-45e5c9bc2fd7.jpg?im_w=720', false, 5);
INSERT INTO room_image (room_id, url, is_main_image, sequence) VALUES (32770351, 'https://a0.muscache.com/im/pictures/42d3c16a-7b2f-4b1c-8254-5c4d3ccd86da.jpg?im_w=720', false, 6);
INSERT INTO room_image (room_id, url, is_main_image, sequence) VALUES (37438446, 'https://a0.muscache.com/im/pictures/2679cefb-fdd2-41db-8344-df225a6b4ac4.jpg?im_w=720', true, 1);
INSERT INTO room_image (room_id, url, is_main_image, sequence) VALUES (37438446, 'https://a0.muscache.com/im/pictures/502ac826-c02a-433a-8f02-9a19ac0b21ad.jpg?im_w=720', false, 2);
INSERT INTO room_image (room_id, url, is_main_image, sequence) VALUES (37438446, 'https://a0.muscache.com/im/pictures/2ee86d91-1abe-4a57-b58c-d1dbed46a459.jpg?im_w=720', false, 3);
INSERT INTO room_image (room_id, url, is_main_image, sequence) VALUES (37438446, 'https://a0.muscache.com/im/pictures/96a54ac1-b66a-458c-b9fa-021466e89142.jpg?im_w=720', false, 4);
INSERT INTO room_image (room_id, url, is_main_image, sequence) VALUES (37438446, 'https://a0.muscache.com/im/pictures/090ca8d9-9e38-4301-9564-7512c9bc0994.jpg?im_w=720', false, 5);
INSERT INTO room_image (room_id, url, is_main_image, sequence) VALUES (37438446, 'https://a0.muscache.com/im/pictures/9f19088b-09aa-44bc-86a0-a79dc62e1697.jpg?im_w=720', false, 6);
INSERT INTO room_image (room_id, url, is_main_image, sequence) VALUES (43511724, 'https://a0.muscache.com/im/pictures/deef2366-4579-445a-b002-384e302d4bfd.jpg?im_w=720', true, 1);
INSERT INTO room_image (room_id, url, is_main_image, sequence) VALUES (43511724, 'https://a0.muscache.com/im/pictures/4a025c99-cd56-4b1e-b9b7-0fd0b8b901c1.jpg?im_w=720', false, 2);
INSERT INTO room_image (room_id, url, is_main_image, sequence) VALUES (43511724, 'https://a0.muscache.com/im/pictures/d7f5250c-f918-47a6-9659-2d0c5679f944.jpg?im_w=720', false, 3);
INSERT INTO room_image (room_id, url, is_main_image, sequence) VALUES (43511724, 'https://a0.muscache.com/im/pictures/9b189a6c-22d6-45b7-a929-27d3f26dc8c6.jpg?im_w=720', false, 4);
INSERT INTO room_image (room_id, url, is_main_image, sequence) VALUES (43511724, 'https://a0.muscache.com/im/pictures/a8ebd8a7-1a11-47cd-aa37-74ed32b0d509.jpg?im_w=720', false, 5);
INSERT INTO room_image (room_id, url, is_main_image, sequence) VALUES (43511724, 'https://a0.muscache.com/im/pictures/92482848-7582-4750-ae50-45019c5af1a2.jpg?im_w=720', false, 6);
INSERT INTO room_image (room_id, url, is_main_image, sequence) VALUES (53749641, 'https://a0.muscache.com/im/pictures/a5e5056b-3487-4057-9db9-7b4b87cd901f.jpg?im_w=720', true, 1);
INSERT INTO room_image (room_id, url, is_main_image, sequence) VALUES (53749641, 'https://a0.muscache.com/im/pictures/635a2209-d3e5-48f1-b6b0-51820a5035f2.jpg?im_w=720', false, 2);
INSERT INTO room_image (room_id, url, is_main_image, sequence) VALUES (53749641, 'https://a0.muscache.com/im/pictures/7fc448d6-d52d-4d48-bf5c-b47977ac991e.jpg?im_w=720', false, 3);
INSERT INTO room_image (room_id, url, is_main_image, sequence) VALUES (53749641, 'https://a0.muscache.com/im/pictures/ed37162f-a7d7-4c15-8670-437757089433.jpg?im_w=720', false, 4);
INSERT INTO room_image (room_id, url, is_main_image, sequence) VALUES (53749641, 'https://a0.muscache.com/im/pictures/f77e0571-450b-43e8-9e12-61d93ae0a4a3.jpg?im_w=720', false, 5);
INSERT INTO room_image (room_id, url, is_main_image, sequence) VALUES (53749641, 'https://a0.muscache.com/im/pictures/8482af03-e997-4cdc-8c23-d83725d2b4a9.jpg?im_w=720', false, 6);
INSERT INTO room_image (room_id, url, is_main_image, sequence) VALUES (587279628837714621, 'https://a0.muscache.com/im/pictures/miso/Hosting-587279628837714621/original/74451236-e476-4c61-892b-5c6c11c03ed9.jpeg?im_w=720', true, 1);
INSERT INTO room_image (room_id, url, is_main_image, sequence) VALUES (587279628837714621, 'https://a0.muscache.com/im/pictures/0752f514-fd85-4597-8814-6ee4f868c242.jpg?im_w=720', false, 2);
INSERT INTO room_image (room_id, url, is_main_image, sequence) VALUES (587279628837714621, 'https://a0.muscache.com/im/pictures/2915d075-04b7-40ee-9ba8-b1c4e0a91cf7.jpg?im_w=720', false, 3);
INSERT INTO room_image (room_id, url, is_main_image, sequence) VALUES (587279628837714621, 'https://a0.muscache.com/im/pictures/miso/Hosting-587279628837714621/original/0ae70b13-4147-498e-ae89-f7cce754e667.jpeg?im_w=720', false, 4);
INSERT INTO room_image (room_id, url, is_main_image, sequence) VALUES (587279628837714621, 'https://a0.muscache.com/im/pictures/miso/Hosting-587279628837714621/original/42b571f5-3dd9-442b-8e98-d5dd579f1778.jpeg?im_w=720', false, 5);
INSERT INTO room_image (room_id, url, is_main_image, sequence) VALUES (587279628837714621, 'https://a0.muscache.com/im/pictures/be1eadd5-28b0-4465-856b-fd4c632876a9.jpg?im_w=720', false, 6);
INSERT INTO room_image (room_id, url, is_main_image, sequence) VALUES (41806406, 'https://a0.muscache.com/im/pictures/a95e9311-80b6-47c5-9db5-413b7b1a5db9.jpg?im_w=720', true, 1);
INSERT INTO room_image (room_id, url, is_main_image, sequence) VALUES (41806406, 'https://a0.muscache.com/im/pictures/b0a29512-3504-4ca3-8e3a-7e013ca4c05e.jpg?im_w=720', false, 2);
INSERT INTO room_image (room_id, url, is_main_image, sequence) VALUES (41806406, 'https://a0.muscache.com/im/pictures/9ba4f20f-af65-4bef-9f04-788e4f310b7a.jpg?im_w=720', false, 3);
INSERT INTO room_image (room_id, url, is_main_image, sequence) VALUES (41806406, 'https://a0.muscache.com/im/pictures/7d29a8e8-4c15-41e6-b304-43f842d51e2a.jpg?im_w=720', false, 4);
INSERT INTO room_image (room_id, url, is_main_image, sequence) VALUES (41806406, 'https://a0.muscache.com/im/pictures/dc5e240c-7d95-4c0f-81e6-2a2dccda4f44.jpg?im_w=720', false, 5);
INSERT INTO room_image (room_id, url, is_main_image, sequence) VALUES (41806406, 'https://a0.muscache.com/im/pictures/6fcd7621-027c-4f66-b4be-585c1c59d985.jpg?im_w=720', false, 6);
INSERT INTO room_image (room_id, url, is_main_image, sequence) VALUES (43565146, 'https://a0.muscache.com/im/pictures/89c168c0-7d40-4745-95d7-fd376ea57555.jpg?im_w=720', true, 1);
INSERT INTO room_image (room_id, url, is_main_image, sequence) VALUES (43565146, 'https://a0.muscache.com/im/pictures/6f241add-93b8-4adb-a28d-e5f12edff5f7.jpg?im_w=720', false, 2);
INSERT INTO room_image (room_id, url, is_main_image, sequence) VALUES (43565146, 'https://a0.muscache.com/im/pictures/5d573255-8d0f-4200-9d1e-e5e841b760cd.jpg?im_w=720', false, 3);
INSERT INTO room_image (room_id, url, is_main_image, sequence) VALUES (43565146, 'https://a0.muscache.com/im/pictures/0984c12d-3e95-4fc5-8502-60073d3646c1.jpg?im_w=720', false, 4);
INSERT INTO room_image (room_id, url, is_main_image, sequence) VALUES (43565146, 'https://a0.muscache.com/im/pictures/113bca7b-14c8-4b4a-be78-6160320b574f.jpg?im_w=720', false, 5);
INSERT INTO room_image (room_id, url, is_main_image, sequence) VALUES (43565146, 'https://a0.muscache.com/im/pictures/50f3e19c-a84c-494b-b044-931c83b88b73.jpg?im_w=720', false, 6);
INSERT INTO room_image (room_id, url, is_main_image, sequence) VALUES (632125551571549007, 'https://a0.muscache.com/im/pictures/miso/Hosting-594504782648754887/original/c678cc7b-3a74-451d-980d-230bc9d20434.jpeg?im_w=720', true, 1);
INSERT INTO room_image (room_id, url, is_main_image, sequence) VALUES (632125551571549007, 'https://a0.muscache.com/im/pictures/miso/Hosting-594504782648754887/original/a5cecd78-2dd1-48d5-9430-801082b53670.jpeg?im_w=720', false, 2);
INSERT INTO room_image (room_id, url, is_main_image, sequence) VALUES (632125551571549007, 'https://a0.muscache.com/im/pictures/miso/Hosting-594504782648754887/original/7c946e02-255e-47c6-b81b-aa8e45af1c9d.jpeg?im_w=720', false, 3);
INSERT INTO room_image (room_id, url, is_main_image, sequence) VALUES (632125551571549007, 'https://a0.muscache.com/im/pictures/miso/Hosting-594504782648754887/original/92838170-d7dd-46c8-8fd2-1aac9cebce25.jpeg?im_w=720', false, 4);
INSERT INTO room_image (room_id, url, is_main_image, sequence) VALUES (632125551571549007, 'https://a0.muscache.com/im/pictures/miso/Hosting-594504782648754887/original/b613fb37-3901-47df-b4bf-eb0036b7df40.jpeg?im_w=720', false, 5);
INSERT INTO room_image (room_id, url, is_main_image, sequence) VALUES (632125551571549007, 'https://a0.muscache.com/im/pictures/miso/Hosting-594504782648754887/original/edae51de-ef9d-4d0f-a74c-0ae5c6faa086.jpeg?im_w=720', false, 6);
INSERT INTO room_image (room_id, url, is_main_image, sequence) VALUES (49978635, 'https://a0.muscache.com/im/pictures/f5ec584e-b825-4961-a75d-12e33ae57267.jpg?im_w=720', true, 1);
INSERT INTO room_image (room_id, url, is_main_image, sequence) VALUES (49978635, 'https://a0.muscache.com/im/pictures/9aac0c69-75d4-4024-a592-27f29d707fe3.jpg?im_w=720', false, 2);
INSERT INTO room_image (room_id, url, is_main_image, sequence) VALUES (49978635, 'https://a0.muscache.com/im/pictures/87474983-a582-4b0c-a2a1-74b1ea4241d1.jpg?im_w=720', false, 3);
INSERT INTO room_image (room_id, url, is_main_image, sequence) VALUES (49978635, 'https://a0.muscache.com/im/pictures/6070c848-17fa-4a6e-8d5d-6ed54f4a74e8.jpg?im_w=720', false, 4);
INSERT INTO room_image (room_id, url, is_main_image, sequence) VALUES (49978635, 'https://a0.muscache.com/im/pictures/447b07d4-75d4-43fd-8886-829639d81ce1.jpg?im_w=720', false, 5);
INSERT INTO room_image (room_id, url, is_main_image, sequence) VALUES (49978635, 'https://a0.muscache.com/im/pictures/55b5d009-901d-402e-a4a2-0739e2196fc5.jpg?im_w=720', false, 6);
INSERT INTO room_image (room_id, url, is_main_image, sequence) VALUES (43583693, 'https://a0.muscache.com/im/pictures/40f8681e-de99-42ae-ad28-26fc96eab7ce.jpg?im_w=720', true, 1);
INSERT INTO room_image (room_id, url, is_main_image, sequence) VALUES (43583693, 'https://a0.muscache.com/im/pictures/4a025c99-cd56-4b1e-b9b7-0fd0b8b901c1.jpg?im_w=720', false, 2);
INSERT INTO room_image (room_id, url, is_main_image, sequence) VALUES (43583693, 'https://a0.muscache.com/im/pictures/d7f5250c-f918-47a6-9659-2d0c5679f944.jpg?im_w=720', false, 3);
INSERT INTO room_image (room_id, url, is_main_image, sequence) VALUES (43583693, 'https://a0.muscache.com/im/pictures/9b189a6c-22d6-45b7-a929-27d3f26dc8c6.jpg?im_w=720', false, 4);
INSERT INTO room_image (room_id, url, is_main_image, sequence) VALUES (43583693, 'https://a0.muscache.com/im/pictures/a8ebd8a7-1a11-47cd-aa37-74ed32b0d509.jpg?im_w=720', false, 5);
INSERT INTO room_image (room_id, url, is_main_image, sequence) VALUES (43583693, 'https://a0.muscache.com/im/pictures/92482848-7582-4750-ae50-45019c5af1a2.jpg?im_w=720', false, 6);
INSERT INTO room_image (room_id, url, is_main_image, sequence) VALUES (24838219, 'https://a0.muscache.com/im/pictures/24efd77c-364c-4833-b0c9-67a37a38bdd4.jpg?im_w=720', true, 1);
INSERT INTO room_image (room_id, url, is_main_image, sequence) VALUES (24838219, 'https://a0.muscache.com/im/pictures/dc155dcd-0932-46f8-9a9b-dbc7f7269daf.jpg?im_w=720', false, 2);
INSERT INTO room_image (room_id, url, is_main_image, sequence) VALUES (24838219, 'https://a0.muscache.com/im/pictures/b2c84081-aa30-4c55-b060-dfc54621134f.jpg?im_w=720', false, 3);
INSERT INTO room_image (room_id, url, is_main_image, sequence) VALUES (24838219, 'https://a0.muscache.com/im/pictures/ae2ac157-7c6d-4c1c-9ce9-06cdb26e7098.jpg?im_w=720', false, 4);
INSERT INTO room_image (room_id, url, is_main_image, sequence) VALUES (24838219, 'https://a0.muscache.com/im/pictures/95d853dc-bc41-4d26-9bab-ddc3d143b843.jpg?im_w=720', false, 5);
INSERT INTO room_image (room_id, url, is_main_image, sequence) VALUES (24838219, 'https://a0.muscache.com/im/pictures/dd4a07f5-7670-44f3-92cd-fbdb35cfcc84.jpg?im_w=720', false, 6);
INSERT INTO room_image (room_id, url, is_main_image, sequence) VALUES (37069314, 'https://a0.muscache.com/im/pictures/d74af1a7-4512-4c95-bf53-dcdf035f5ea8.jpg?im_w=720', true, 1);
INSERT INTO room_image (room_id, url, is_main_image, sequence) VALUES (37069314, 'https://a0.muscache.com/im/pictures/7815ae08-5472-483e-a5cf-685279cad146.jpg?im_w=720', false, 2);
INSERT INTO room_image (room_id, url, is_main_image, sequence) VALUES (37069314, 'https://a0.muscache.com/im/pictures/016dc089-b455-4ea0-baa8-35a6a53a1dbe.jpg?im_w=720', false, 3);
INSERT INTO room_image (room_id, url, is_main_image, sequence) VALUES (37069314, 'https://a0.muscache.com/im/pictures/97451e45-ee4d-48eb-87fe-b2e81f4e3ea8.jpg?im_w=720', false, 4);
INSERT INTO room_image (room_id, url, is_main_image, sequence) VALUES (37069314, 'https://a0.muscache.com/im/pictures/516d8a67-bb8a-4794-b644-edf9f597861a.jpg?im_w=720', false, 5);
INSERT INTO room_image (room_id, url, is_main_image, sequence) VALUES (37069314, 'https://a0.muscache.com/im/pictures/04fbcd25-8c70-4200-9d48-10021db369c5.jpg?im_w=720', false, 6);
INSERT INTO room_image (room_id, url, is_main_image, sequence) VALUES (52884676, 'https://a0.muscache.com/im/pictures/miso/Hosting-52884676/original/2e056d76-c58a-4156-9e39-57952401da21.jpeg?im_w=720', true, 1);
INSERT INTO room_image (room_id, url, is_main_image, sequence) VALUES (52884676, 'https://a0.muscache.com/im/pictures/miso/Hosting-52429638/original/0f725607-efbb-4b5d-bf55-4676cc4b1f15.jpeg?im_w=720', false, 2);
INSERT INTO room_image (room_id, url, is_main_image, sequence) VALUES (52884676, 'https://a0.muscache.com/im/pictures/miso/Hosting-52429638/original/691e305a-531f-4944-a72e-5349e8a66c79.jpeg?im_w=720', false, 3);
INSERT INTO room_image (room_id, url, is_main_image, sequence) VALUES (52884676, 'https://a0.muscache.com/im/pictures/miso/Hosting-52429638/original/c547cdd2-6210-4740-8549-b926020df99c.jpeg?im_w=720', false, 4);
INSERT INTO room_image (room_id, url, is_main_image, sequence) VALUES (52884676, 'https://a0.muscache.com/im/pictures/miso/Hosting-52884676/original/23fe2f26-2409-4608-a305-45ee2901f6ef.jpeg?im_w=720', false, 5);
INSERT INTO room_image (room_id, url, is_main_image, sequence) VALUES (52884676, 'https://a0.muscache.com/im/pictures/miso/Hosting-52884676/original/2408723d-2b74-46e2-bbc2-491f06ce4d77.jpeg?im_w=720', false, 6);
INSERT INTO room_image (room_id, url, is_main_image, sequence) VALUES (51826478, 'https://a0.muscache.com/im/pictures/91834ece-5a05-4f37-a507-189ae8b47c4a.jpg?im_w=720', true, 1);
INSERT INTO room_image (room_id, url, is_main_image, sequence) VALUES (51826478, 'https://a0.muscache.com/im/pictures/d8fc9437-0729-45ca-91cc-659e863c2bb1.jpg?im_w=720', false, 2);
INSERT INTO room_image (room_id, url, is_main_image, sequence) VALUES (51826478, 'https://a0.muscache.com/im/pictures/3f35db2c-1eed-44a1-bf3f-bd0114d64c60.jpg?im_w=720', false, 3);
INSERT INTO room_image (room_id, url, is_main_image, sequence) VALUES (51826478, 'https://a0.muscache.com/im/pictures/07319235-957e-4483-8605-182b827b2097.jpg?im_w=720', false, 4);
INSERT INTO room_image (room_id, url, is_main_image, sequence) VALUES (51826478, 'https://a0.muscache.com/im/pictures/a534b657-79e2-44aa-87b5-614fb5673f73.jpg?im_w=720', false, 5);
INSERT INTO room_image (room_id, url, is_main_image, sequence) VALUES (51826478, 'https://a0.muscache.com/im/pictures/dcb076bd-959e-49c9-9eb7-e8a34ad0bf16.jpg?im_w=720', false, 6);
INSERT INTO room_image (room_id, url, is_main_image, sequence) VALUES (31585248, 'https://a0.muscache.com/im/pictures/55d0930a-e4d1-4978-b4ca-1f955b89d358.jpg?im_w=720', true, 1);
INSERT INTO room_image (room_id, url, is_main_image, sequence) VALUES (31585248, 'https://a0.muscache.com/im/pictures/482c2bad-e38a-4083-88a5-b00505bee140.jpg?im_w=720', false, 2);
INSERT INTO room_image (room_id, url, is_main_image, sequence) VALUES (31585248, 'https://a0.muscache.com/im/pictures/b846ab26-0463-44cb-b52d-5919fc880bbb.jpg?im_w=720', false, 3);
INSERT INTO room_image (room_id, url, is_main_image, sequence) VALUES (31585248, 'https://a0.muscache.com/im/pictures/ed4c5f92-43c3-427c-8d34-ce9207ef567e.jpg?im_w=720', false, 4);
INSERT INTO room_image (room_id, url, is_main_image, sequence) VALUES (31585248, 'https://a0.muscache.com/im/pictures/435ffc98-e78b-4119-a825-1fc11bec3249.jpg?im_w=720', false, 5);
INSERT INTO room_image (room_id, url, is_main_image, sequence) VALUES (31585248, 'https://a0.muscache.com/im/pictures/84539bd4-a3e8-497c-a28f-595c11b34bb7.jpg?im_w=720', false, 6);
INSERT INTO room_image (room_id, url, is_main_image, sequence) VALUES (32429018, 'https://a0.muscache.com/im/pictures/8fb75922-4320-4a37-b3f8-e7c6266d1fec.jpg?im_w=720', true, 1);
INSERT INTO room_image (room_id, url, is_main_image, sequence) VALUES (32429018, 'https://a0.muscache.com/im/pictures/b055f08d-1d43-46d4-ae36-633d239d4277.jpg?im_w=720', false, 2);
INSERT INTO room_image (room_id, url, is_main_image, sequence) VALUES (32429018, 'https://a0.muscache.com/im/pictures/debea8ba-b918-4d94-8f30-53a571b88c52.jpg?im_w=720', false, 3);
INSERT INTO room_image (room_id, url, is_main_image, sequence) VALUES (32429018, 'https://a0.muscache.com/im/pictures/cc30efe5-1d42-42d0-a0d5-73c62d7cd1e9.jpg?im_w=720', false, 4);
INSERT INTO room_image (room_id, url, is_main_image, sequence) VALUES (32429018, 'https://a0.muscache.com/im/pictures/cc9dd3ba-9397-492c-9f83-f377c39ea1f8.jpg?im_w=720', false, 5);
INSERT INTO room_image (room_id, url, is_main_image, sequence) VALUES (32429018, 'https://a0.muscache.com/im/pictures/72010bea-e06a-4517-b926-3369fd7daa13.jpg?im_w=720', false, 6);
INSERT INTO room_image (room_id, url, is_main_image, sequence) VALUES (51609120, 'https://a0.muscache.com/im/pictures/9bc95a85-4948-48d1-ae4b-a7d9a0635b84.jpg?im_w=720', true, 1);
INSERT INTO room_image (room_id, url, is_main_image, sequence) VALUES (51609120, 'https://a0.muscache.com/im/pictures/925dec65-de2e-4e8d-bf79-1e66ab5395f9.jpg?im_w=720', false, 2);
INSERT INTO room_image (room_id, url, is_main_image, sequence) VALUES (51609120, 'https://a0.muscache.com/im/pictures/a1d78db2-2694-41d2-89d8-2095894ec09c.jpg?im_w=720', false, 3);
INSERT INTO room_image (room_id, url, is_main_image, sequence) VALUES (51609120, 'https://a0.muscache.com/im/pictures/8fc2fa85-098c-4cc2-9cfa-dfcf007e8916.jpg?im_w=720', false, 4);
INSERT INTO room_image (room_id, url, is_main_image, sequence) VALUES (51609120, 'https://a0.muscache.com/im/pictures/721ec7f0-434e-4ba3-a6a3-8ec17b38657f.jpg?im_w=720', false, 5);
INSERT INTO room_image (room_id, url, is_main_image, sequence) VALUES (51609120, 'https://a0.muscache.com/im/pictures/76b9536e-89d8-482d-b1b8-48e4a7bd6b0e.jpg?im_w=720', false, 6);
INSERT INTO room_image (room_id, url, is_main_image, sequence) VALUES (24841270, 'https://a0.muscache.com/im/pictures/miso/Hosting-24841270/original/26259d83-5b3a-4f93-85c4-93d0a2833a9c.jpeg?im_w=720', true, 1);
INSERT INTO room_image (room_id, url, is_main_image, sequence) VALUES (24841270, 'https://a0.muscache.com/im/pictures/ff101ea6-8721-40be-935c-9d370454c837.jpg?im_w=720', false, 2);
INSERT INTO room_image (room_id, url, is_main_image, sequence) VALUES (24841270, 'https://a0.muscache.com/im/pictures/d5009ed8-f4f7-48e7-ba91-c062544dc240.jpg?im_w=720', false, 3);
INSERT INTO room_image (room_id, url, is_main_image, sequence) VALUES (24841270, 'https://a0.muscache.com/im/pictures/b10e2094-32b7-47e1-a117-1363487eb3b1.jpg?im_w=720', false, 4);
INSERT INTO room_image (room_id, url, is_main_image, sequence) VALUES (24841270, 'https://a0.muscache.com/im/pictures/e309512d-cfb6-499a-8502-b27f3e33cf59.jpg?im_w=720', false, 5);
INSERT INTO room_image (room_id, url, is_main_image, sequence) VALUES (24841270, 'https://a0.muscache.com/im/pictures/5c7f654a-06b1-4c4c-aafb-c78df1319ec5.jpg?im_w=720', false, 6);
INSERT INTO room_image (room_id, url, is_main_image, sequence) VALUES (48235229, 'https://a0.muscache.com/im/pictures/miso/Hosting-48235229/original/3e691d4a-0df7-490b-9964-58af4e282b68.jpeg?im_w=720', true, 1);
INSERT INTO room_image (room_id, url, is_main_image, sequence) VALUES (48235229, 'https://a0.muscache.com/im/pictures/miso/Hosting-48235229/original/49d8af1c-4d83-4b98-883b-444911ba434a.jpeg?im_w=720', false, 2);
INSERT INTO room_image (room_id, url, is_main_image, sequence) VALUES (48235229, 'https://a0.muscache.com/im/pictures/miso/Hosting-48235229/original/4bf6a5cc-dc35-49fa-a625-951f8a76fec5.jpeg?im_w=720', false, 3);
INSERT INTO room_image (room_id, url, is_main_image, sequence) VALUES (48235229, 'https://a0.muscache.com/im/pictures/miso/Hosting-48235229/original/4a9c2baa-44fc-4a4d-a067-854f167bfcfb.jpeg?im_w=720', false, 4);
INSERT INTO room_image (room_id, url, is_main_image, sequence) VALUES (48235229, 'https://a0.muscache.com/im/pictures/miso/Hosting-48235229/original/37764a52-e072-41f4-8f19-c3f89e242bef.jpeg?im_w=720', false, 5);
INSERT INTO room_image (room_id, url, is_main_image, sequence) VALUES (48235229, 'https://a0.muscache.com/im/pictures/miso/Hosting-48235229/original/5ce4b1ac-92b3-46bc-92c9-3a2e9f85aa0b.jpeg?im_w=720', false, 6);
INSERT INTO room_image (room_id, url, is_main_image, sequence) VALUES (28237129, 'https://a0.muscache.com/im/pictures/348aad06-6b03-4725-b37d-6adb38eac034.jpg?im_w=720', true, 1);
INSERT INTO room_image (room_id, url, is_main_image, sequence) VALUES (28237129, 'https://a0.muscache.com/im/pictures/8473d030-4134-48f7-87ff-960810b69e95.jpg?im_w=720', false, 2);
INSERT INTO room_image (room_id, url, is_main_image, sequence) VALUES (28237129, 'https://a0.muscache.com/im/pictures/c8678e29-5441-4d81-983e-d124491d6661.jpg?im_w=720', false, 3);
INSERT INTO room_image (room_id, url, is_main_image, sequence) VALUES (28237129, 'https://a0.muscache.com/im/pictures/f50e87d9-53f2-41f2-9fa2-9fc7bc87fad6.jpg?im_w=720', false, 4);
INSERT INTO room_image (room_id, url, is_main_image, sequence) VALUES (28237129, 'https://a0.muscache.com/im/pictures/d31186ab-16b4-46b1-8290-07021ca317c1.jpg?im_w=720', false, 5);
INSERT INTO room_image (room_id, url, is_main_image, sequence) VALUES (28237129, 'https://a0.muscache.com/im/pictures/3d4b9bda-b9bd-4720-a770-a3a0a475e45f.jpg?im_w=720', false, 6);
INSERT INTO room_image (room_id, url, is_main_image, sequence) VALUES (39456387, 'https://a0.muscache.com/im/pictures/1f68dc5e-bf75-4d0d-b141-274076835176.jpg?im_w=720', true, 1);
INSERT INTO room_image (room_id, url, is_main_image, sequence) VALUES (39456387, 'https://a0.muscache.com/im/pictures/cd0b1d5b-77f4-49c1-9623-efb31e13048f.jpg?im_w=720', false, 2);
INSERT INTO room_image (room_id, url, is_main_image, sequence) VALUES (39456387, 'https://a0.muscache.com/im/pictures/d98c12b1-7d95-4010-8bb9-45169d1899db.jpg?im_w=720', false, 3);
INSERT INTO room_image (room_id, url, is_main_image, sequence) VALUES (39456387, 'https://a0.muscache.com/im/pictures/8e86de5f-5cea-4565-930f-2917dc356a95.jpg?im_w=720', false, 4);
INSERT INTO room_image (room_id, url, is_main_image, sequence) VALUES (39456387, 'https://a0.muscache.com/im/pictures/8fa52086-7986-4884-9d49-a7a12dae4e88.jpg?im_w=720', false, 5);
INSERT INTO room_image (room_id, url, is_main_image, sequence) VALUES (39456387, 'https://a0.muscache.com/im/pictures/17e66394-32e7-4181-841b-1635cd2b03f7.jpg?im_w=720', false, 6);
INSERT INTO room_image (room_id, url, is_main_image, sequence) VALUES (31296991, 'https://a0.muscache.com/im/pictures/miso/Hosting-31296991/original/c5f98afb-34e5-4962-867e-df85dbc85a2d.jpeg?im_w=720', true, 1);
INSERT INTO room_image (room_id, url, is_main_image, sequence) VALUES (31296991, 'https://a0.muscache.com/im/pictures/miso/Hosting-31296991/original/658d56c0-e829-4bdf-8329-9891b2461d2c.jpeg?im_w=720', false, 2);
INSERT INTO room_image (room_id, url, is_main_image, sequence) VALUES (31296991, 'https://a0.muscache.com/im/pictures/miso/Hosting-31296991/original/f2fbe770-9b2b-478c-a51e-da329a0d5cb9.jpeg?im_w=720', false, 3);
INSERT INTO room_image (room_id, url, is_main_image, sequence) VALUES (31296991, 'https://a0.muscache.com/im/pictures/miso/Hosting-31296991/original/6c6af4d7-67d9-4bbf-a29c-660dac3f84b1.jpeg?im_w=720', false, 4);
INSERT INTO room_image (room_id, url, is_main_image, sequence) VALUES (31296991, 'https://a0.muscache.com/im/pictures/miso/Hosting-31296991/original/0c419cf9-e42c-4080-b8f1-d0c5b4aec809.jpeg?im_w=720', false, 5);
INSERT INTO room_image (room_id, url, is_main_image, sequence) VALUES (31296991, 'https://a0.muscache.com/im/pictures/miso/Hosting-31296991/original/18171868-3e87-4f40-8696-994fde568fd4.jpeg?im_w=720', false, 6);

INSERT INTO charge_policy (name, is_active) VALUES ('WEEKDAY', true);
INSERT INTO charge_policy (name, is_active) VALUES ('WEEKEND', true);

INSERT INTO room_charge_policy(room_id, charge_policy_id) VALUES (1, 1);
INSERT INTO room_charge_policy(room_id, charge_policy_id) VALUES (1, 2);
INSERT INTO room_charge_policy(room_id, charge_policy_id) VALUES (2, 1);
INSERT INTO room_charge_policy(room_id, charge_policy_id) VALUES (2, 2);
INSERT INTO room_charge_policy(room_id, charge_policy_id) VALUES (4, 1);
INSERT INTO room_charge_policy(room_id, charge_policy_id) VALUES (4, 2);
